,Accuracy,True positive,False Positive,False Negative,True Negative
Roc,0.67036373,Threshold,0.444196255,,
best_thresh,0.612045781,7657,9607,2799,11915
thresh_0.5,0.60888736,11850,5414,7093,7621
thresh_0.4,0.584214147,4874,12390,906,13808
thresh_0.3,0.555631997,3083,14181,29,14685
thresh_0.25,0.55506911,3036,14228,0,14714
